{
    "loss": 3.2727866172790527,
    "accuracy": 0.7858095765113831
}