{
    "loss": 17.448606491088867,
    "accuracy": 0.5703427195549011
}