{
    "loss": 70.99263000488281,
    "accuracy": 0.9995999336242676
}